	Modelo	F1	Acurácia	Precisão
1	Sequential	0.886153392907989	0.8746081504702194	0.8930063944769827
