	Modelo	F1	Acurácia	Precisão
0	Sequential	0.8702022716248505	0.8573667711598746	0.8824164691325133
1	Sequential	0.8816085023020102	0.8699059561128527	0.8841022962135234
