	Modelo	F1	Acurácia	Precisão
1	Sequential	0.8815927874316266	0.8714733542319749	0.8932387027922472
